<?xml version="1.0" encoding="UTF-8"?>
<project-private xmlns="http://www.netbeans.org/ns/project-private/1">
    <editor-bookmarks xmlns="http://www.netbeans.org/ns/editor-bookmarks/2" lastBookmarkId="0"/>
    <open-files xmlns="http://www.netbeans.org/ns/projectui-open-files/2">
        <group>
            <file>file:/C:/Users/nabil%20mohd/Documents/NetBeansProjects/AI%20Animal%20Kingdom/src/Prolog%20code/animal.pl</file>
            <file>file:/C:/Users/nabil%20mohd/Documents/NetBeansProjects/AI%20Animal%20Kingdom/src/Speaker.java</file>
            <file>file:/C:/Users/nabil%20mohd/Documents/NetBeansProjects/AI%20Animal%20Kingdom/src/Animal_Kingdom.java</file>
            <file>file:/C:/Users/nabil%20mohd/Documents/NetBeansProjects/AI%20Animal%20Kingdom/src/HelpDialog.java</file>
        </group>
    </open-files>
</project-private>
